{"cameraMode":{"drawMode":0,"name":"Shaded","section":"Shading Mode"},"sceneLighting":true,"audioPlay":false,"sceneViewState":{"showFog":true,"showMaterialUpdate":false,"showSkybox":true,"showFlares":true,"showImageEffects":true,"showParticleSystems":true,"showVisualEffectGraphs":true,"m_FxEnabled":true},"in2DMode":false,"pivot":{"x":-60.890594482421878,"y":22.898048400878908,"z":2.8834686279296877},"rotation":{"x":0.04622716084122658,"y":-0.6688613295555115,"z":0.04174187779426575,"w":0.7408138513565064},"size":50.258243560791019,"orthographic":false}