{"cameraMode":{"drawMode":0,"name":"Shaded","section":"Shading Mode"},"sceneLighting":false,"audioPlay":false,"sceneViewState":{"showFog":true,"showMaterialUpdate":false,"showSkybox":true,"showFlares":true,"showImageEffects":true,"showParticleSystems":true,"showVisualEffectGraphs":true,"m_FxEnabled":true},"in2DMode":false,"pivot":{"x":71.94866943359375,"y":-111.17242431640625,"z":1094.261962890625},"rotation":{"x":-0.06376373767852783,"y":-0.028126060962677003,"z":0.0017686547944322229,"w":-0.9976998567581177},"size":562.5252075195313,"orthographic":false}